,filter_interaction,example_no,motif1,motif1_qval,motif2,motif2_qval,mean_distance,mean_distance_bg,num_obs,num_obs_bg,pval,adjusted_pval,TF1,TF2,TF_Interaction,TF1_Family,TF2_Family,Family_Interaction
0,filter0$\longleftrightarrow$filter4,3,M4604_1.02,0.0371602,M4459_1.02,7.23927e-09,204.0,132.0,377.0,171.0,0.0072453277115493,0.0379788015817725,ZNF263,EGR1,ZNF263$\longleftrightarrow$EGR1,C2H2 ZF,C2H2 ZF,C2H2 ZF$\longleftrightarrow$C2H2 ZF
1,filter0$\longleftrightarrow$filter9,8,M4604_1.02,0.0371602,M0408_1.02,0.0225088,144.0,474.0,389.0,242.0,0.005060999470118,0.0296187551342377,ZNF263,ZKSCAN1,ZNF263$\longleftrightarrow$ZKSCAN1,C2H2 ZF,C2H2 ZF,C2H2 ZF$\longleftrightarrow$C2H2 ZF
2,filter0$\longleftrightarrow$filter10,9,M4604_1.02,0.0371602,M0632_1.02,0.00153344,66.0,414.0,186.0,222.0,2.7215363174463795e-05,0.0007778391249664,ZNF263,DMRTA2,ZNF263$\longleftrightarrow$DMRTA2,C2H2 ZF,DM,C2H2 ZF$\longleftrightarrow$DM
4,filter0$\longleftrightarrow$filter17,16,M4604_1.02,0.0371602,M1605_1.02,0.0410179,348.0,402.0,95.0,148.0,0.0090378723742861,0.0444148146464672,ZNF263,SOX1,ZNF263$\longleftrightarrow$SOX1,C2H2 ZF,Sox,C2H2 ZF$\longleftrightarrow$Sox
5,filter0$\longleftrightarrow$filter22,21,M4604_1.02,0.0371602,M6446_1.02,0.0178944,306.0,48.0,273.0,200.0,0.0088200393576554,0.0435811132700837,ZNF263,RARG,ZNF263$\longleftrightarrow$RARG,C2H2 ZF,Nuclear receptor,C2H2 ZF$\longleftrightarrow$Nuclear receptor
6,filter0$\longleftrightarrow$filter26,25,M4604_1.02,0.0371602,M0891_1.02,0.00425164,258.0,252.0,150.0,170.0,0.0030770764081762,0.0209827506408127,ZNF263,TLX2,ZNF263$\longleftrightarrow$TLX2,C2H2 ZF,Homeodomain,C2H2 ZF$\longleftrightarrow$Homeodomain
9,filter0$\longleftrightarrow$filter40,39,M4604_1.02,0.0371602,M0609_1.02,0.0396582,6.0,162.0,215.0,178.0,0.001615353221426,0.0134994953380661,ZNF263,DNMT1,ZNF263$\longleftrightarrow$DNMT1,C2H2 ZF,CxxC,C2H2 ZF$\longleftrightarrow$CxxC
10,filter0$\longleftrightarrow$filter43,42,M4604_1.02,0.0371602,M6482_1.02,0.00300843,462.0,420.0,365.0,224.0,0.0074798662818306,0.0388075433399683,ZNF263,SP7,ZNF263$\longleftrightarrow$SP7,C2H2 ZF,C2H2 ZF,C2H2 ZF$\longleftrightarrow$C2H2 ZF
11,filter0$\longleftrightarrow$filter44,43,M4604_1.02,0.0371602,M0607_1.02,0.00640584,342.0,72.0,174.0,112.0,0.0017117912698785,0.0140285101680574,ZNF263,KDM2B,ZNF263$\longleftrightarrow$KDM2B,C2H2 ZF,CxxC,C2H2 ZF$\longleftrightarrow$CxxC
14,filter0$\longleftrightarrow$filter80,79,M4604_1.02,0.0371602,M1668_1.02,0.0030752,246.0,474.0,323.0,195.0,0.0011969301502998,0.0109702976189158,ZNF263,PRKRIR,ZNF263$\longleftrightarrow$PRKRIR,C2H2 ZF,THAP finger,C2H2 ZF$\longleftrightarrow$THAP finger
17,filter0$\longleftrightarrow$filter111,110,M4604_1.02,0.0371602,M1963_1.02,0.0136401,186.0,264.0,358.0,144.0,0.0013256748812441,0.0118129327304059,ZNF263,ZFY,ZNF263$\longleftrightarrow$ZFY,C2H2 ZF,C2H2 ZF,C2H2 ZF$\longleftrightarrow$C2H2 ZF
20,filter0$\longleftrightarrow$filter129,128,M4604_1.02,0.0371602,M2314_1.02,0.0105216,42.0,498.0,396.0,202.0,4.072441954026279e-05,0.0010129795285973,ZNF263,SP2,ZNF263$\longleftrightarrow$SP2,C2H2 ZF,C2H2 ZF,C2H2 ZF$\longleftrightarrow$C2H2 ZF
24,filter0$\longleftrightarrow$filter148,147,M4604_1.02,0.0371602,M0608_1.02,0.00321805,204.0,378.0,365.0,239.0,0.0003936594345738,0.0052289956135856,ZNF263,MLL,ZNF263$\longleftrightarrow$MLL,C2H2 ZF,CxxC,C2H2 ZF$\longleftrightarrow$CxxC
26,filter0$\longleftrightarrow$filter165,164,M4604_1.02,0.0371602,M0404_1.02,0.0444817,306.0,150.0,300.0,181.0,0.0011895604892775,0.0109303049927169,ZNF263,ZNF202,ZNF263$\longleftrightarrow$ZNF202,C2H2 ZF,C2H2 ZF,C2H2 ZF$\longleftrightarrow$C2H2 ZF
30,filter0$\longleftrightarrow$filter180,179,M4604_1.02,0.0371602,M1589_1.02,0.00640278,132.0,450.0,206.0,184.0,0.001152644646782,0.0107324862806126,ZNF263,SOX30,ZNF263$\longleftrightarrow$SOX30,C2H2 ZF,Sox,C2H2 ZF$\longleftrightarrow$Sox
33,filter1$\longleftrightarrow$filter10,207,M2314_1.02,0.000651982,M0632_1.02,0.00153344,378.0,30.0,202.0,243.0,0.0001825170287639,0.0030764692571939,SP2,DMRTA2,SP2$\longleftrightarrow$DMRTA2,C2H2 ZF,DM,C2H2 ZF$\longleftrightarrow$DM
35,filter1$\longleftrightarrow$filter17,214,M2314_1.02,0.000651982,M1605_1.02,0.0410179,348.0,24.0,98.0,172.0,0.0006192603516648,0.0070762197169124,SP2,SOX1,SP2$\longleftrightarrow$SOX1,C2H2 ZF,Sox,C2H2 ZF$\longleftrightarrow$Sox
36,filter1$\longleftrightarrow$filter19,216,M2314_1.02,0.000651982,M0756_1.02,0.0167464,384.0,480.0,220.0,209.0,0.0067819204984883,0.0363052607153408,SP2,FOXN3,SP2$\longleftrightarrow$FOXN3,C2H2 ZF,Forkhead,C2H2 ZF$\longleftrightarrow$Forkhead
38,filter1$\longleftrightarrow$filter26,223,M2314_1.02,0.000651982,M0891_1.02,0.00425164,216.0,222.0,167.0,188.0,0.006156991633982,0.0339744369198488,SP2,TLX2,SP2$\longleftrightarrow$TLX2,C2H2 ZF,Homeodomain,C2H2 ZF$\longleftrightarrow$Homeodomain
39,filter1$\longleftrightarrow$filter32,229,M2314_1.02,0.000651982,M1007_1.02,0.00307474,36.0,192.0,259.0,222.0,0.0022249382382671,0.0166972650329899,SP2,HOXA11,SP2$\longleftrightarrow$HOXA11,C2H2 ZF,Homeodomain,C2H2 ZF$\longleftrightarrow$Homeodomain
40,filter1$\longleftrightarrow$filter35,232,M2314_1.02,0.000651982,M0607_1.02,0.0298275,342.0,480.0,262.0,204.0,0.0005844852746165,0.0067916542251156,SP2,KDM2B,SP2$\longleftrightarrow$KDM2B,C2H2 ZF,CxxC,C2H2 ZF$\longleftrightarrow$CxxC
42,filter1$\longleftrightarrow$filter38,235,M2314_1.02,0.000651982,M4459_1.02,0.0184776,96.0,162.0,364.0,179.0,0.0104093653527102,0.0492452572011954,SP2,EGR1,SP2$\longleftrightarrow$EGR1,C2H2 ZF,C2H2 ZF,C2H2 ZF$\longleftrightarrow$C2H2 ZF
43,filter1$\longleftrightarrow$filter40,237,M2314_1.02,0.000651982,M0609_1.02,0.0396582,264.0,162.0,237.0,194.0,0.002988441459445,0.0205331519889635,SP2,DNMT1,SP2$\longleftrightarrow$DNMT1,C2H2 ZF,CxxC,C2H2 ZF$\longleftrightarrow$CxxC
44,filter1$\longleftrightarrow$filter41,238,M2314_1.02,0.000651982,M0942_1.02,0.000949705,156.0,138.0,261.0,228.0,0.0074510538471,0.0387306868990588,SP2,IRX4,SP2$\longleftrightarrow$IRX4,C2H2 ZF,Homeodomain,C2H2 ZF$\longleftrightarrow$Homeodomain
45,filter1$\longleftrightarrow$filter43,240,M2314_1.02,0.000651982,M6482_1.02,0.00300843,6.0,162.0,407.0,255.0,0.0082741246432228,0.0416069072910913,SP2,SP7,SP2$\longleftrightarrow$SP7,C2H2 ZF,C2H2 ZF,C2H2 ZF$\longleftrightarrow$C2H2 ZF
47,filter1$\longleftrightarrow$filter45,242,M2314_1.02,0.000651982,M1049_1.02,0.00639964,366.0,348.0,177.0,165.0,0.0051886748461296,0.0301443071790622,SP2,SIX4,SP2$\longleftrightarrow$SIX4,C2H2 ZF,Homeodomain,C2H2 ZF$\longleftrightarrow$Homeodomain
49,filter1$\longleftrightarrow$filter64,261,M2314_1.02,0.000651982,M4427_1.02,0.0113245,396.0,168.0,258.0,145.0,0.0006716143004613,0.0074951101237123,SP2,CTCF,SP2$\longleftrightarrow$CTCF,C2H2 ZF,C2H2 ZF,C2H2 ZF$\longleftrightarrow$C2H2 ZF
51,filter1$\longleftrightarrow$filter80,277,M2314_1.02,0.000651982,M1668_1.02,0.0030752,42.0,30.0,364.0,218.0,0.0006086923464444,0.0069888980435955,SP2,PRKRIR,SP2$\longleftrightarrow$PRKRIR,C2H2 ZF,THAP finger,C2H2 ZF$\longleftrightarrow$THAP finger
54,filter1$\longleftrightarrow$filter94,291,M2314_1.02,0.000651982,M0408_1.02,0.0188115,174.0,72.0,120.0,216.0,0.0068054096040537,0.0363918409839995,SP2,ZKSCAN1,SP2$\longleftrightarrow$ZKSCAN1,C2H2 ZF,C2H2 ZF,C2H2 ZF$\longleftrightarrow$C2H2 ZF
65,filter1$\longleftrightarrow$filter148,345,M2314_1.02,0.000651982,M0608_1.02,0.00321805,108.0,378.0,406.0,268.0,0.0004098878992838,0.0053866776191531,SP2,MLL,SP2$\longleftrightarrow$MLL,C2H2 ZF,CxxC,C2H2 ZF$\longleftrightarrow$CxxC
66,filter1$\longleftrightarrow$filter149,346,M2314_1.02,0.000651982,M0931_1.02,0.0294458,90.0,396.0,178.0,191.0,0.0006782408212167,0.0075478947766051,SP2,LHX5,SP2$\longleftrightarrow$LHX5,C2H2 ZF,Homeodomain,C2H2 ZF$\longleftrightarrow$Homeodomain
67,filter1$\longleftrightarrow$filter163,360,M2314_1.02,0.000651982,M0436_1.02,1.4859e-05,342.0,24.0,179.0,216.0,0.0045025220376086,0.0273477361124348,SP2,ZNF35,SP2$\longleftrightarrow$ZNF35,C2H2 ZF,C2H2 ZF,C2H2 ZF$\longleftrightarrow$C2H2 ZF
69,filter1$\longleftrightarrow$filter167,364,M2314_1.02,0.000651982,M6547_1.02,0.00310707,132.0,102.0,315.0,229.0,0.0074207111633824,0.0386133134751526,SP2,ZFX,SP2$\longleftrightarrow$ZFX,C2H2 ZF,C2H2 ZF,C2H2 ZF$\longleftrightarrow$C2H2 ZF
72,filter1$\longleftrightarrow$filter180,377,M2314_1.02,0.000651982,M1589_1.02,0.00640278,186.0,450.0,231.0,203.0,4.339285172569814e-06,0.0002158577409094,SP2,SOX30,SP2$\longleftrightarrow$SOX30,C2H2 ZF,Sox,C2H2 ZF$\longleftrightarrow$Sox
79,filter2$\longleftrightarrow$filter11,405,M4459_1.02,7.28933e-06,M6482_1.02,0.0131685,270.0,192.0,396.0,208.0,0.0024102875901139,0.0176778114515615,EGR1,SP7,EGR1$\longleftrightarrow$SP7,C2H2 ZF,C2H2 ZF,C2H2 ZF$\longleftrightarrow$C2H2 ZF
80,filter2$\longleftrightarrow$filter16,410,M4459_1.02,7.28933e-06,M0632_1.02,0.00396582,96.0,282.0,108.0,252.0,0.0078348136261331,0.0400570582187372,EGR1,DMRTA2,EGR1$\longleftrightarrow$DMRTA2,C2H2 ZF,DM,C2H2 ZF$\longleftrightarrow$DM
81,filter2$\longleftrightarrow$filter19,413,M4459_1.02,7.28933e-06,M0756_1.02,0.0167464,114.0,198.0,210.0,223.0,0.0022529830492912,0.0168406674360618,EGR1,FOXN3,EGR1$\longleftrightarrow$FOXN3,C2H2 ZF,Forkhead,C2H2 ZF$\longleftrightarrow$Forkhead
82,filter2$\longleftrightarrow$filter32,426,M4459_1.02,7.28933e-06,M1007_1.02,0.00307474,216.0,114.0,252.0,244.0,0.0018209503548766,0.0146160831631044,EGR1,HOXA11,EGR1$\longleftrightarrow$HOXA11,C2H2 ZF,Homeodomain,C2H2 ZF$\longleftrightarrow$Homeodomain
84,filter2$\longleftrightarrow$filter44,438,M4459_1.02,7.28933e-06,M0607_1.02,0.00640584,24.0,186.0,175.0,139.0,0.0008428549133026,0.0087486317500763,EGR1,KDM2B,EGR1$\longleftrightarrow$KDM2B,C2H2 ZF,CxxC,C2H2 ZF$\longleftrightarrow$CxxC
85,filter2$\longleftrightarrow$filter80,474,M4459_1.02,7.28933e-06,M1668_1.02,0.0030752,186.0,312.0,345.0,250.0,0.001193244555718,0.0109466021990217,EGR1,PRKRIR,EGR1$\longleftrightarrow$PRKRIR,C2H2 ZF,THAP finger,C2H2 ZF$\longleftrightarrow$THAP finger
87,filter2$\longleftrightarrow$filter103,497,M4459_1.02,7.28933e-06,M0609_1.02,0.00127235,126.0,492.0,387.0,214.0,0.0005569141226195,0.006576544339397,EGR1,DNMT1,EGR1$\longleftrightarrow$DNMT1,C2H2 ZF,CxxC,C2H2 ZF$\longleftrightarrow$CxxC
89,filter2$\longleftrightarrow$filter118,512,M4459_1.02,7.28933e-06,M0891_1.02,0.0151094,108.0,342.0,170.0,261.0,0.0009704313183946,0.0096335297227392,EGR1,TLX2,EGR1$\longleftrightarrow$TLX2,C2H2 ZF,Homeodomain,C2H2 ZF$\longleftrightarrow$Homeodomain
92,filter2$\longleftrightarrow$filter148,542,M4459_1.02,7.28933e-06,M0608_1.02,0.00321805,258.0,24.0,392.0,307.0,0.0003185313970253,0.0045337179814094,EGR1,MLL,EGR1$\longleftrightarrow$MLL,C2H2 ZF,CxxC,C2H2 ZF$\longleftrightarrow$CxxC
93,filter2$\longleftrightarrow$filter149,543,M4459_1.02,7.28933e-06,M0931_1.02,0.0294458,204.0,186.0,176.0,220.0,0.0105267386843341,0.049623559900706,EGR1,LHX5,EGR1$\longleftrightarrow$LHX5,C2H2 ZF,Homeodomain,C2H2 ZF$\longleftrightarrow$Homeodomain
95,filter2$\longleftrightarrow$filter167,561,M4459_1.02,7.28933e-06,M6547_1.02,0.00310707,354.0,498.0,311.0,252.0,0.0008222288380431,0.0086286367881481,EGR1,ZFX,EGR1$\longleftrightarrow$ZFX,C2H2 ZF,C2H2 ZF,C2H2 ZF$\longleftrightarrow$C2H2 ZF
98,filter2$\longleftrightarrow$filter180,574,M4459_1.02,7.28933e-06,M1589_1.02,0.00640278,114.0,282.0,231.0,233.0,0.0079831700378373,0.0405537700824321,EGR1,SOX30,EGR1$\longleftrightarrow$SOX30,C2H2 ZF,Sox,C2H2 ZF$\longleftrightarrow$Sox
99,filter2$\longleftrightarrow$filter182,576,M4459_1.02,7.28933e-06,M1605_1.02,0.0248924,18.0,168.0,319.0,276.0,0.0104705643439545,0.0494407425999068,EGR1,SOX1,EGR1$\longleftrightarrow$SOX1,C2H2 ZF,Sox,C2H2 ZF$\longleftrightarrow$Sox
108,filter4$\longleftrightarrow$filter54,839,M4459_1.02,7.23927e-09,M6336_1.02,0.00340884,60.0,48.0,371.0,94.0,0.004932314411834,0.0291293360196095,EGR1,MAZ,EGR1$\longleftrightarrow$MAZ,C2H2 ZF,C2H2 ZF,C2H2 ZF$\longleftrightarrow$C2H2 ZF
116,filter4$\longleftrightarrow$filter133,918,M4459_1.02,7.23927e-09,M0408_1.02,0.000397444,156.0,426.0,211.0,206.0,0.0075239586592611,0.0389671341493955,EGR1,ZKSCAN1,EGR1$\longleftrightarrow$ZKSCAN1,C2H2 ZF,C2H2 ZF,C2H2 ZF$\longleftrightarrow$C2H2 ZF
123,filter8$\longleftrightarrow$filter9,1564,M6482_1.02,0.000133478,M0408_1.02,0.0225088,120.0,474.0,329.0,193.0,0.0019415351635174,0.0152637956079301,SP7,ZKSCAN1,SP7$\longleftrightarrow$ZKSCAN1,C2H2 ZF,C2H2 ZF,C2H2 ZF$\longleftrightarrow$C2H2 ZF
124,filter8$\longleftrightarrow$filter10,1565,M6482_1.02,0.000133478,M0632_1.02,0.00153344,162.0,234.0,149.0,172.0,2.197863893149213e-05,0.0006759365648513,SP7,DMRTA2,SP7$\longleftrightarrow$DMRTA2,C2H2 ZF,DM,C2H2 ZF$\longleftrightarrow$DM
127,filter8$\longleftrightarrow$filter17,1572,M6482_1.02,0.000133478,M1605_1.02,0.0410179,78.0,126.0,76.0,114.0,0.000601421368805,0.0069495252012095,SP7,SOX1,SP7$\longleftrightarrow$SOX1,C2H2 ZF,Sox,C2H2 ZF$\longleftrightarrow$Sox
129,filter8$\longleftrightarrow$filter26,1581,M6482_1.02,0.000133478,M0891_1.02,0.00425164,264.0,174.0,122.0,141.0,0.0004048565071655,0.0053349899202521,SP7,TLX2,SP7$\longleftrightarrow$TLX2,C2H2 ZF,Homeodomain,C2H2 ZF$\longleftrightarrow$Homeodomain
130,filter8$\longleftrightarrow$filter32,1587,M6482_1.02,0.000133478,M1007_1.02,0.00307474,438.0,258.0,198.0,155.0,0.0074329735622645,0.0386580008529476,SP7,HOXA11,SP7$\longleftrightarrow$HOXA11,C2H2 ZF,Homeodomain,C2H2 ZF$\longleftrightarrow$Homeodomain
131,filter8$\longleftrightarrow$filter35,1590,M6482_1.02,0.000133478,M0607_1.02,0.0298275,66.0,330.0,202.0,147.0,0.0089479916168703,0.0440383718012579,SP7,KDM2B,SP7$\longleftrightarrow$KDM2B,C2H2 ZF,CxxC,C2H2 ZF$\longleftrightarrow$CxxC
134,filter8$\longleftrightarrow$filter40,1595,M6482_1.02,0.000133478,M0609_1.02,0.0396582,96.0,414.0,170.0,136.0,0.0004486961984132,0.0056903486016744,SP7,DNMT1,SP7$\longleftrightarrow$DNMT1,C2H2 ZF,CxxC,C2H2 ZF$\longleftrightarrow$CxxC
135,filter8$\longleftrightarrow$filter41,1596,M6482_1.02,0.000133478,M0942_1.02,0.000949705,144.0,78.0,203.0,164.0,0.002211099368601,0.0166411188854065,SP7,IRX4,SP7$\longleftrightarrow$IRX4,C2H2 ZF,Homeodomain,C2H2 ZF$\longleftrightarrow$Homeodomain
137,filter8$\longleftrightarrow$filter45,1600,M6482_1.02,0.000133478,M1049_1.02,0.00639964,156.0,300.0,135.0,108.0,0.006562241991866,0.0354439443958062,SP7,SIX4,SP7$\longleftrightarrow$SIX4,C2H2 ZF,Homeodomain,C2H2 ZF$\longleftrightarrow$Homeodomain
139,filter8$\longleftrightarrow$filter53,1608,M6482_1.02,0.000133478,M6547_1.02,0.0102349,204.0,132.0,285.0,96.0,0.0054477740122465,0.0312086390692018,SP7,ZFX,SP7$\longleftrightarrow$ZFX,C2H2 ZF,C2H2 ZF,C2H2 ZF$\longleftrightarrow$C2H2 ZF
140,filter8$\longleftrightarrow$filter54,1609,M6482_1.02,0.000133478,M6336_1.02,0.00340884,450.0,258.0,259.0,68.0,0.000101023420394,0.0019863280820169,SP7,MAZ,SP7$\longleftrightarrow$MAZ,C2H2 ZF,C2H2 ZF,C2H2 ZF$\longleftrightarrow$C2H2 ZF
143,filter8$\longleftrightarrow$filter80,1635,M6482_1.02,0.000133478,M1668_1.02,0.0030752,96.0,24.0,266.0,159.0,0.0010976577331574,0.0104104831145695,SP7,PRKRIR,SP7$\longleftrightarrow$PRKRIR,C2H2 ZF,THAP finger,C2H2 ZF$\longleftrightarrow$THAP finger
150,filter8$\longleftrightarrow$filter111,1666,M6482_1.02,0.000133478,M1963_1.02,0.0136401,156.0,264.0,296.0,126.0,1.692841308847468e-05,0.0005682343089477,SP7,ZFY,SP7$\longleftrightarrow$ZFY,C2H2 ZF,C2H2 ZF,C2H2 ZF$\longleftrightarrow$C2H2 ZF
158,filter8$\longleftrightarrow$filter148,1703,M6482_1.02,0.000133478,M0608_1.02,0.00321805,12.0,324.0,312.0,192.0,3.183782589465416e-07,3.539156757831444e-05,SP7,MLL,SP7$\longleftrightarrow$MLL,C2H2 ZF,CxxC,C2H2 ZF$\longleftrightarrow$CxxC
159,filter8$\longleftrightarrow$filter149,1704,M6482_1.02,0.000133478,M0931_1.02,0.0294458,48.0,30.0,131.0,131.0,0.0058221820476723,0.0326875975532486,SP7,LHX5,SP7$\longleftrightarrow$LHX5,C2H2 ZF,Homeodomain,C2H2 ZF$\longleftrightarrow$Homeodomain
162,filter8$\longleftrightarrow$filter163,1718,M6482_1.02,0.000133478,M0436_1.02,1.4859e-05,372.0,174.0,130.0,163.0,0.0008832994758023,0.0090318052258552,SP7,ZNF35,SP7$\longleftrightarrow$ZNF35,C2H2 ZF,C2H2 ZF,C2H2 ZF$\longleftrightarrow$C2H2 ZF
169,filter8$\longleftrightarrow$filter180,1735,M6482_1.02,0.000133478,M1589_1.02,0.00640278,252.0,30.0,170.0,154.0,5.973857804209263e-05,0.0013451269205237,SP7,SOX30,SP7$\longleftrightarrow$SOX30,C2H2 ZF,Sox,C2H2 ZF$\longleftrightarrow$Sox
182,filter9$\longleftrightarrow$filter44,1789,M0408_1.02,0.0225088,M0607_1.02,0.00640584,312.0,270.0,204.0,196.0,0.0038341991831936,0.0244964752699028,ZKSCAN1,KDM2B,ZKSCAN1$\longleftrightarrow$KDM2B,C2H2 ZF,CxxC,C2H2 ZF$\longleftrightarrow$CxxC
183,filter9$\longleftrightarrow$filter53,1798,M0408_1.02,0.0225088,M6547_1.02,0.0102349,144.0,156.0,407.0,230.0,0.0027056775948372,0.0192139802933877,ZKSCAN1,ZFX,ZKSCAN1$\longleftrightarrow$ZFX,C2H2 ZF,C2H2 ZF,C2H2 ZF$\longleftrightarrow$C2H2 ZF
184,filter9$\longleftrightarrow$filter54,1799,M0408_1.02,0.0225088,M6336_1.02,0.00340884,222.0,36.0,386.0,147.0,1.868522558855276e-06,0.0001195493951,ZKSCAN1,MAZ,ZKSCAN1$\longleftrightarrow$MAZ,C2H2 ZF,C2H2 ZF,C2H2 ZF$\longleftrightarrow$C2H2 ZF
194,filter9$\longleftrightarrow$filter103,1848,M0408_1.02,0.0225088,M0609_1.02,0.00127235,138.0,18.0,431.0,297.0,1.8323284464514306e-05,0.0005986809758208,ZKSCAN1,DNMT1,ZKSCAN1$\longleftrightarrow$DNMT1,C2H2 ZF,CxxC,C2H2 ZF$\longleftrightarrow$CxxC
195,filter9$\longleftrightarrow$filter111,1856,M0408_1.02,0.0225088,M1963_1.02,0.0136401,114.0,300.0,429.0,261.0,0.0038469894755737,0.0245187048638585,ZKSCAN1,ZFY,ZKSCAN1$\longleftrightarrow$ZFY,C2H2 ZF,C2H2 ZF,C2H2 ZF$\longleftrightarrow$C2H2 ZF
199,filter9$\longleftrightarrow$filter131,1876,M0408_1.02,0.0225088,M1668_1.02,0.00410157,24.0,18.0,468.0,426.0,9.471996791854549e-06,0.0003761951939407,ZKSCAN1,PRKRIR,ZKSCAN1$\longleftrightarrow$PRKRIR,C2H2 ZF,THAP finger,C2H2 ZF$\longleftrightarrow$THAP finger
200,filter9$\longleftrightarrow$filter148,1893,M0408_1.02,0.0225088,M0608_1.02,0.00321805,120.0,24.0,436.0,425.0,9.392178164734194e-07,7.357699256766969e-05,ZKSCAN1,MLL,ZKSCAN1$\longleftrightarrow$MLL,C2H2 ZF,CxxC,C2H2 ZF$\longleftrightarrow$CxxC
211,filter10$\longleftrightarrow$filter53,1987,M0632_1.02,0.00153344,M6547_1.02,0.0102349,66.0,30.0,184.0,199.0,1.6304871234613718e-05,0.0005555382325793,DMRTA2,ZFX,DMRTA2$\longleftrightarrow$ZFX,DM,C2H2 ZF,C2H2 ZF$\longleftrightarrow$DM
212,filter10$\longleftrightarrow$filter54,1988,M0632_1.02,0.00153344,M6336_1.02,0.00340884,312.0,384.0,167.0,129.0,0.0001708679902161,0.002930975232173,DMRTA2,MAZ,DMRTA2$\longleftrightarrow$MAZ,DM,C2H2 ZF,C2H2 ZF$\longleftrightarrow$DM
223,filter10$\longleftrightarrow$filter103,2037,M0632_1.02,0.00153344,M0609_1.02,0.00127235,312.0,426.0,203.0,263.0,0.0026378357344743,0.0188940444364906,DMRTA2,DNMT1,DMRTA2$\longleftrightarrow$DNMT1,DM,CxxC,DM$\longleftrightarrow$CxxC
227,filter10$\longleftrightarrow$filter131,2065,M0632_1.02,0.00153344,M1668_1.02,0.00410157,306.0,12.0,227.0,384.0,0.0009477208764816,0.0094762562815234,DMRTA2,PRKRIR,DMRTA2$\longleftrightarrow$PRKRIR,DM,THAP finger,DM$\longleftrightarrow$THAP finger
228,filter10$\longleftrightarrow$filter133,2067,M0632_1.02,0.00153344,M0408_1.02,0.000397444,270.0,420.0,134.0,265.0,0.0065445538988309,0.0353772163756961,DMRTA2,ZKSCAN1,DMRTA2$\longleftrightarrow$ZKSCAN1,DM,C2H2 ZF,C2H2 ZF$\longleftrightarrow$DM
229,filter10$\longleftrightarrow$filter148,2082,M0632_1.02,0.00153344,M0608_1.02,0.00321805,108.0,60.0,209.0,382.0,0.0003190488518328,0.0045345957526929,DMRTA2,MLL,DMRTA2$\longleftrightarrow$MLL,DM,CxxC,DM$\longleftrightarrow$CxxC
240,filter11$\longleftrightarrow$filter22,2144,M6482_1.02,0.0131685,M6446_1.02,0.0178944,438.0,42.0,320.0,248.0,0.0031112882967793,0.0211363654931087,SP7,RARG,SP7$\longleftrightarrow$RARG,C2H2 ZF,Nuclear receptor,C2H2 ZF$\longleftrightarrow$Nuclear receptor
270,filter11$\longleftrightarrow$filter155,2277,M6482_1.02,0.0131685,M4537_1.02,0.0119444,144.0,30.0,176.0,206.0,0.003992686720527,0.0251114485484775,SP7,E2F4,SP7$\longleftrightarrow$E2F4,C2H2 ZF,E2F,C2H2 ZF$\longleftrightarrow$E2F
272,filter11$\longleftrightarrow$filter165,2287,M6482_1.02,0.0131685,M0404_1.02,0.0444817,60.0,30.0,350.0,221.0,0.0003181838238777,0.0045336615766518,SP7,ZNF202,SP7$\longleftrightarrow$ZNF202,C2H2 ZF,C2H2 ZF,C2H2 ZF$\longleftrightarrow$C2H2 ZF
290,filter12$\longleftrightarrow$filter118,2427,M0632_1.02,0.00133143,M0891_1.02,0.0151094,48.0,264.0,123.0,349.0,0.0102381969099775,0.0485972428708808,DMRTA2,TLX2,DMRTA2$\longleftrightarrow$TLX2,DM,Homeodomain,DM$\longleftrightarrow$Homeodomain
301,filter14$\longleftrightarrow$filter45,2725,M0609_1.02,0.00638778,M1049_1.02,0.00639964,126.0,150.0,126.0,87.0,0.0076870721240294,0.0395130436630288,DNMT1,SIX4,DNMT1$\longleftrightarrow$SIX4,CxxC,Homeodomain,CxxC$\longleftrightarrow$Homeodomain
302,filter14$\longleftrightarrow$filter54,2734,M0609_1.02,0.00638778,M6336_1.02,0.00340884,12.0,336.0,295.0,53.0,0.0040862398987066,0.0255176621488415,DNMT1,MAZ,DNMT1$\longleftrightarrow$MAZ,CxxC,C2H2 ZF,C2H2 ZF$\longleftrightarrow$CxxC
306,filter14$\longleftrightarrow$filter148,2828,M0609_1.02,0.00638778,M0608_1.02,0.00321805,36.0,198.0,328.0,150.0,0.0002254916103463,0.0035723185212357,DNMT1,MLL,DNMT1$\longleftrightarrow$MLL,CxxC,CxxC,CxxC$\longleftrightarrow$CxxC
373,filter17$\longleftrightarrow$filter44,3273,M1605_1.02,0.0410179,M0607_1.02,0.00640584,66.0,144.0,69.0,113.0,0.0081369067465643,0.0410934442749078,SOX1,KDM2B,SOX1$\longleftrightarrow$KDM2B,Sox,CxxC,Sox$\longleftrightarrow$CxxC
374,filter17$\longleftrightarrow$filter53,3282,M1605_1.02,0.0410179,M6547_1.02,0.0102349,198.0,24.0,96.0,143.0,0.0023041872915343,0.0171141167327173,SOX1,ZFX,SOX1$\longleftrightarrow$ZFX,Sox,C2H2 ZF,C2H2 ZF$\longleftrightarrow$Sox
375,filter17$\longleftrightarrow$filter54,3283,M1605_1.02,0.0410179,M6336_1.02,0.00340884,198.0,78.0,88.0,97.0,0.0016105673728418,0.0134848382969962,SOX1,MAZ,SOX1$\longleftrightarrow$MAZ,Sox,C2H2 ZF,C2H2 ZF$\longleftrightarrow$Sox
381,filter17$\longleftrightarrow$filter148,3377,M1605_1.02,0.0410179,M0608_1.02,0.00321805,228.0,282.0,104.0,264.0,0.0017841878662619,0.014432028281719,SOX1,MLL,SOX1$\longleftrightarrow$MLL,Sox,CxxC,Sox$\longleftrightarrow$CxxC
392,filter19$\longleftrightarrow$filter43,3633,M0756_1.02,0.0167464,M6482_1.02,0.00300843,72.0,300.0,207.0,310.0,0.0007466726204262,0.0080834014152567,FOXN3,SP7,FOXN3$\longleftrightarrow$SP7,Forkhead,C2H2 ZF,C2H2 ZF$\longleftrightarrow$Forkhead
393,filter19$\longleftrightarrow$filter44,3634,M0756_1.02,0.0167464,M0607_1.02,0.00640584,270.0,36.0,119.0,144.0,0.0048497208885753,0.0288144957422727,FOXN3,KDM2B,FOXN3$\longleftrightarrow$KDM2B,Forkhead,CxxC,Forkhead$\longleftrightarrow$CxxC
394,filter19$\longleftrightarrow$filter54,3644,M0756_1.02,0.0167464,M6336_1.02,0.00340884,240.0,330.0,197.0,119.0,0.0037445484997614,0.0241207594847048,FOXN3,MAZ,FOXN3$\longleftrightarrow$MAZ,Forkhead,C2H2 ZF,C2H2 ZF$\longleftrightarrow$Forkhead
399,filter19$\longleftrightarrow$filter96,3686,M0756_1.02,0.0167464,M4604_1.02,0.00127604,372.0,480.0,232.0,242.0,0.0093369291280559,0.0455135266511652,FOXN3,ZNF263,FOXN3$\longleftrightarrow$ZNF263,Forkhead,C2H2 ZF,C2H2 ZF$\longleftrightarrow$Forkhead
401,filter19$\longleftrightarrow$filter103,3693,M0756_1.02,0.0167464,M0609_1.02,0.00127235,540.0,192.0,222.0,226.0,0.0063757864050515,0.0348531312878337,FOXN3,DNMT1,FOXN3$\longleftrightarrow$DNMT1,Forkhead,CxxC,Forkhead$\longleftrightarrow$CxxC
403,filter19$\longleftrightarrow$filter118,3708,M0756_1.02,0.0167464,M0891_1.02,0.0151094,210.0,192.0,124.0,273.0,0.0037352150019094,0.0240996459494146,FOXN3,TLX2,FOXN3$\longleftrightarrow$TLX2,Forkhead,Homeodomain,Forkhead$\longleftrightarrow$Homeodomain
405,filter19$\longleftrightarrow$filter131,3721,M0756_1.02,0.0167464,M1668_1.02,0.00410157,78.0,246.0,231.0,321.0,0.0012273653435733,0.0111807504451226,FOXN3,PRKRIR,FOXN3$\longleftrightarrow$PRKRIR,Forkhead,THAP finger,Forkhead$\longleftrightarrow$THAP finger
406,filter19$\longleftrightarrow$filter143,3733,M0756_1.02,0.0167464,M0632_1.02,0.00176282,138.0,444.0,171.0,334.0,0.0063310062466523,0.0346845711167093,FOXN3,DMRTA2,FOXN3$\longleftrightarrow$DMRTA2,Forkhead,DM,Forkhead$\longleftrightarrow$DM
419,filter20$\longleftrightarrow$filter131,3900,M1605_1.02,0.0385082,M1668_1.02,0.00410157,36.0,42.0,204.0,222.0,0.0010554376663396,0.0101432427631691,SOX1,PRKRIR,SOX1$\longleftrightarrow$PRKRIR,Sox,THAP finger,Sox$\longleftrightarrow$THAP finger
425,filter22$\longleftrightarrow$filter38,4162,M6446_1.02,0.0178944,M4459_1.02,0.0184776,216.0,258.0,278.0,225.0,8.792443988656704e-07,7.111871970987444e-05,RARG,EGR1,RARG$\longleftrightarrow$EGR1,Nuclear receptor,C2H2 ZF,C2H2 ZF$\longleftrightarrow$Nuclear receptor
428,filter22$\longleftrightarrow$filter44,4168,M6446_1.02,0.0178944,M0607_1.02,0.00640584,222.0,324.0,140.0,158.0,0.0021112972829037,0.0160636322468358,RARG,KDM2B,RARG$\longleftrightarrow$KDM2B,Nuclear receptor,CxxC,Nuclear receptor$\longleftrightarrow$CxxC
429,filter22$\longleftrightarrow$filter53,4177,M6446_1.02,0.0178944,M6547_1.02,0.0102349,528.0,222.0,287.0,190.0,0.0092828896553844,0.0453056017568898,RARG,ZFX,RARG$\longleftrightarrow$ZFX,Nuclear receptor,C2H2 ZF,C2H2 ZF$\longleftrightarrow$Nuclear receptor
430,filter22$\longleftrightarrow$filter54,4178,M6446_1.02,0.0178944,M6336_1.02,0.00340884,528.0,42.0,274.0,122.0,8.28547821101982e-06,0.000345627768224,RARG,MAZ,RARG$\longleftrightarrow$MAZ,Nuclear receptor,C2H2 ZF,C2H2 ZF$\longleftrightarrow$Nuclear receptor
437,filter22$\longleftrightarrow$filter111,4235,M6446_1.02,0.0178944,M1963_1.02,0.0136401,24.0,426.0,297.0,217.0,0.0059233211241493,0.0330748617670635,RARG,ZFY,RARG$\longleftrightarrow$ZFY,Nuclear receptor,C2H2 ZF,C2H2 ZF$\longleftrightarrow$Nuclear receptor
438,filter22$\longleftrightarrow$filter112,4236,M6446_1.02,0.0178944,M2314_1.02,0.0391061,408.0,84.0,293.0,243.0,0.0057574353975433,0.0324536684250192,RARG,SP2,RARG$\longleftrightarrow$SP2,Nuclear receptor,C2H2 ZF,C2H2 ZF$\longleftrightarrow$Nuclear receptor
441,filter22$\longleftrightarrow$filter131,4255,M6446_1.02,0.0178944,M1668_1.02,0.00410157,336.0,18.0,331.0,356.0,4.966234916895197e-06,0.0002369126862274,RARG,PRKRIR,RARG$\longleftrightarrow$PRKRIR,Nuclear receptor,THAP finger,Nuclear receptor$\longleftrightarrow$THAP finger
442,filter22$\longleftrightarrow$filter148,4272,M6446_1.02,0.0178944,M0608_1.02,0.00321805,288.0,342.0,303.0,351.0,2.8174987817437015e-05,0.0007940876878064,RARG,MLL,RARG$\longleftrightarrow$MLL,Nuclear receptor,CxxC,Nuclear receptor$\longleftrightarrow$CxxC
454,filter26$\longleftrightarrow$filter44,4866,M0891_1.02,0.00425164,M0607_1.02,0.00640584,42.0,36.0,96.0,133.0,0.0092355686743997,0.0451486483695655,TLX2,KDM2B,TLX2$\longleftrightarrow$KDM2B,Homeodomain,CxxC,CxxC$\longleftrightarrow$Homeodomain
455,filter26$\longleftrightarrow$filter54,4876,M0891_1.02,0.00425164,M6336_1.02,0.00340884,216.0,312.0,145.0,97.0,2.9303921864894405e-05,0.0008132995230749,TLX2,MAZ,TLX2$\longleftrightarrow$MAZ,Homeodomain,C2H2 ZF,C2H2 ZF$\longleftrightarrow$Homeodomain
465,filter26$\longleftrightarrow$filter148,4970,M0891_1.02,0.00425164,M0608_1.02,0.00321805,228.0,198.0,165.0,289.0,0.0035494203045867,0.0231847772659889,TLX2,MLL,TLX2$\longleftrightarrow$MLL,Homeodomain,CxxC,CxxC$\longleftrightarrow$Homeodomain
479,filter32$\longleftrightarrow$filter54,5893,M1007_1.02,0.00307474,M6336_1.02,0.00340884,36.0,120.0,221.0,114.0,2.3015587740692605e-06,0.0001375267762355,HOXA11,MAZ,HOXA11$\longleftrightarrow$MAZ,Homeodomain,C2H2 ZF,C2H2 ZF$\longleftrightarrow$Homeodomain
483,filter32$\longleftrightarrow$filter89,5928,M1007_1.02,0.00307474,M0632_1.02,0.00514261,426.0,24.0,182.0,285.0,0.0032236333912647,0.0216336786574656,HOXA11,DMRTA2,HOXA11$\longleftrightarrow$DMRTA2,Homeodomain,DM,DM$\longleftrightarrow$Homeodomain
487,filter32$\longleftrightarrow$filter96,5935,M1007_1.02,0.00307474,M4604_1.02,0.00127604,132.0,30.0,271.0,250.0,0.0008831033208194,0.0090318052258552,HOXA11,ZNF263,HOXA11$\longleftrightarrow$ZNF263,Homeodomain,C2H2 ZF,C2H2 ZF$\longleftrightarrow$Homeodomain
489,filter32$\longleftrightarrow$filter103,5942,M1007_1.02,0.00307474,M0609_1.02,0.00127235,96.0,24.0,258.0,224.0,0.0066836286710609,0.0359726381652073,HOXA11,DNMT1,HOXA11$\longleftrightarrow$DNMT1,Homeodomain,CxxC,CxxC$\longleftrightarrow$Homeodomain
490,filter32$\longleftrightarrow$filter111,5950,M1007_1.02,0.00307474,M1963_1.02,0.0136401,132.0,36.0,254.0,203.0,0.0043726922595987,0.0268625596114528,HOXA11,ZFY,HOXA11$\longleftrightarrow$ZFY,Homeodomain,C2H2 ZF,C2H2 ZF$\longleftrightarrow$Homeodomain
493,filter32$\longleftrightarrow$filter131,5970,M1007_1.02,0.00307474,M1668_1.02,0.00410157,456.0,48.0,289.0,328.0,1.7219646576920855e-05,0.0005748935026637,HOXA11,PRKRIR,HOXA11$\longleftrightarrow$PRKRIR,Homeodomain,THAP finger,Homeodomain$\longleftrightarrow$THAP finger
494,filter32$\longleftrightarrow$filter148,5987,M1007_1.02,0.00307474,M0608_1.02,0.00321805,222.0,114.0,261.0,329.0,0.0001705681660143,0.002928356658631,HOXA11,MLL,HOXA11$\longleftrightarrow$MLL,Homeodomain,CxxC,CxxC$\longleftrightarrow$Homeodomain
505,filter34$\longleftrightarrow$filter131,6301,M0609_1.02,0.0333743,M1668_1.02,0.00410157,306.0,36.0,264.0,236.0,0.0006953518396356,0.0076527162085564,DNMT1,PRKRIR,DNMT1$\longleftrightarrow$PRKRIR,CxxC,THAP finger,CxxC$\longleftrightarrow$THAP finger
515,filter35$\longleftrightarrow$filter54,6388,M0607_1.02,0.0298275,M6336_1.02,0.00340884,162.0,6.0,225.0,102.0,0.0019450199866531,0.0152750661357926,KDM2B,MAZ,KDM2B$\longleftrightarrow$MAZ,CxxC,C2H2 ZF,C2H2 ZF$\longleftrightarrow$CxxC
516,filter35$\longleftrightarrow$filter103,6437,M0607_1.02,0.0298275,M0609_1.02,0.00127235,24.0,144.0,257.0,220.0,0.0101826956983245,0.0484146425341129,KDM2B,DNMT1,KDM2B$\longleftrightarrow$DNMT1,CxxC,CxxC,CxxC$\longleftrightarrow$CxxC
537,filter38$\longleftrightarrow$filter41,6861,M4459_1.02,0.0184776,M0942_1.02,0.000949705,144.0,90.0,241.0,228.0,6.321027938042023e-05,0.0014068882987825,EGR1,IRX4,EGR1$\longleftrightarrow$IRX4,C2H2 ZF,Homeodomain,C2H2 ZF$\longleftrightarrow$Homeodomain
540,filter38$\longleftrightarrow$filter45,6865,M4459_1.02,0.0184776,M1049_1.02,0.00639964,162.0,114.0,167.0,163.0,6.588393427988098e-06,0.0002874909044519,EGR1,SIX4,EGR1$\longleftrightarrow$SIX4,C2H2 ZF,Homeodomain,C2H2 ZF$\longleftrightarrow$Homeodomain
547,filter38$\longleftrightarrow$filter64,6884,M4459_1.02,0.0184776,M4427_1.02,0.0113245,150.0,216.0,237.0,146.0,0.0019061381590711,0.0150603656620166,EGR1,CTCF,EGR1$\longleftrightarrow$CTCF,C2H2 ZF,C2H2 ZF,C2H2 ZF$\longleftrightarrow$C2H2 ZF
557,filter38$\longleftrightarrow$filter111,6931,M4459_1.02,0.0184776,M1963_1.02,0.0136401,156.0,156.0,366.0,169.0,6.060546315472001e-07,5.567249005896092e-05,EGR1,ZFY,EGR1$\longleftrightarrow$ZFY,C2H2 ZF,C2H2 ZF,C2H2 ZF$\longleftrightarrow$C2H2 ZF
573,filter38$\longleftrightarrow$filter155,6975,M4459_1.02,0.0184776,M4537_1.02,0.0119444,90.0,84.0,157.0,192.0,8.589552353890025e-05,0.001767475829759,EGR1,E2F4,EGR1$\longleftrightarrow$E2F4,C2H2 ZF,E2F,C2H2 ZF$\longleftrightarrow$E2F
574,filter38$\longleftrightarrow$filter160,6980,M4459_1.02,0.0184776,M0436_1.02,0.0111539,132.0,72.0,231.0,273.0,0.0001512744131582,0.0026732311483337,EGR1,ZNF35,EGR1$\longleftrightarrow$ZNF35,C2H2 ZF,C2H2 ZF,C2H2 ZF$\longleftrightarrow$C2H2 ZF
577,filter38$\longleftrightarrow$filter165,6985,M4459_1.02,0.0184776,M0404_1.02,0.0444817,132.0,150.0,301.0,196.0,0.0008552638232374,0.0088451349037312,EGR1,ZNF202,EGR1$\longleftrightarrow$ZNF202,C2H2 ZF,C2H2 ZF,C2H2 ZF$\longleftrightarrow$C2H2 ZF
651,filter40$\longleftrightarrow$filter118,7257,M0609_1.02,0.0396582,M0891_1.02,0.0151094,480.0,36.0,128.0,256.0,0.0079959701065463,0.0405921789937858,DNMT1,TLX2,DNMT1$\longleftrightarrow$TLX2,CxxC,Homeodomain,CxxC$\longleftrightarrow$Homeodomain
661,filter41$\longleftrightarrow$filter44,7341,M0942_1.02,0.000949705,M0607_1.02,0.00640584,486.0,156.0,128.0,160.0,0.0077162443990371,0.0396124435118785,IRX4,KDM2B,IRX4$\longleftrightarrow$KDM2B,Homeodomain,CxxC,CxxC$\longleftrightarrow$Homeodomain
662,filter41$\longleftrightarrow$filter53,7350,M0942_1.02,0.000949705,M6547_1.02,0.0102349,132.0,138.0,239.0,186.0,0.0033180663916,0.0221389002989372,IRX4,ZFX,IRX4$\longleftrightarrow$ZFX,Homeodomain,C2H2 ZF,C2H2 ZF$\longleftrightarrow$Homeodomain
663,filter41$\longleftrightarrow$filter54,7351,M0942_1.02,0.000949705,M6336_1.02,0.00340884,210.0,30.0,232.0,119.0,0.0001349402585324,0.0024543338795963,IRX4,MAZ,IRX4$\longleftrightarrow$MAZ,Homeodomain,C2H2 ZF,C2H2 ZF$\longleftrightarrow$Homeodomain
666,filter41$\longleftrightarrow$filter96,7393,M0942_1.02,0.000949705,M4604_1.02,0.00127604,318.0,144.0,276.0,269.0,0.0067701927636727,0.0362738654916163,IRX4,ZNF263,IRX4$\longleftrightarrow$ZNF263,Homeodomain,C2H2 ZF,C2H2 ZF$\longleftrightarrow$Homeodomain
670,filter41$\longleftrightarrow$filter131,7428,M0942_1.02,0.000949705,M1668_1.02,0.00410157,324.0,138.0,285.0,359.0,0.0039840279588275,0.0250867684571997,IRX4,PRKRIR,IRX4$\longleftrightarrow$PRKRIR,Homeodomain,THAP finger,Homeodomain$\longleftrightarrow$THAP finger
671,filter41$\longleftrightarrow$filter148,7445,M0942_1.02,0.000949705,M0608_1.02,0.00321805,270.0,396.0,260.0,351.0,0.0005069592150692,0.0062000457661019,IRX4,MLL,IRX4$\longleftrightarrow$MLL,Homeodomain,CxxC,CxxC$\longleftrightarrow$Homeodomain
724,filter44$\longleftrightarrow$filter45,7810,M0607_1.02,0.00640584,M1049_1.02,0.00639964,66.0,114.0,101.0,107.0,0.0075836755637779,0.0391744486936798,KDM2B,SIX4,KDM2B$\longleftrightarrow$SIX4,CxxC,Homeodomain,CxxC$\longleftrightarrow$Homeodomain
725,filter44$\longleftrightarrow$filter53,7818,M0607_1.02,0.00640584,M6547_1.02,0.0102349,222.0,324.0,166.0,94.0,0.0021118937560419,0.0160636322468358,KDM2B,ZFX,KDM2B$\longleftrightarrow$ZFX,CxxC,C2H2 ZF,C2H2 ZF$\longleftrightarrow$CxxC
732,filter44$\longleftrightarrow$filter89,7854,M0607_1.02,0.00640584,M0632_1.02,0.00514261,282.0,96.0,144.0,163.0,3.226726436756891e-05,0.000866469671236,KDM2B,DMRTA2,KDM2B$\longleftrightarrow$DMRTA2,CxxC,DM,DM$\longleftrightarrow$CxxC
739,filter44$\longleftrightarrow$filter111,7876,M0607_1.02,0.00640584,M1963_1.02,0.0136401,120.0,234.0,177.0,113.0,0.0104907424739705,0.0495007810640421,KDM2B,ZFY,KDM2B$\longleftrightarrow$ZFY,CxxC,C2H2 ZF,C2H2 ZF$\longleftrightarrow$CxxC
744,filter44$\longleftrightarrow$filter131,7896,M0607_1.02,0.00640584,M1668_1.02,0.00410157,18.0,90.0,205.0,192.0,3.0495291187685707e-06,0.0001667020066078,KDM2B,PRKRIR,KDM2B$\longleftrightarrow$PRKRIR,CxxC,THAP finger,CxxC$\longleftrightarrow$THAP finger
745,filter44$\longleftrightarrow$filter148,7913,M0607_1.02,0.00640584,M0608_1.02,0.00321805,216.0,162.0,191.0,188.0,1.2134325500408773e-05,0.0004463009404937,KDM2B,MLL,KDM2B$\longleftrightarrow$MLL,CxxC,CxxC,CxxC$\longleftrightarrow$CxxC
746,filter44$\longleftrightarrow$filter149,7914,M0607_1.02,0.00640584,M0931_1.02,0.0294458,6.0,150.0,107.0,121.0,0.0100111005823551,0.0479309141933839,KDM2B,LHX5,KDM2B$\longleftrightarrow$LHX5,CxxC,Homeodomain,CxxC$\longleftrightarrow$Homeodomain
749,filter44$\longleftrightarrow$filter165,7930,M0607_1.02,0.00640584,M0404_1.02,0.0444817,504.0,168.0,156.0,141.0,0.0055905291596815,0.0318648952218112,KDM2B,ZNF202,KDM2B$\longleftrightarrow$ZNF202,CxxC,C2H2 ZF,C2H2 ZF$\longleftrightarrow$CxxC
751,filter44$\longleftrightarrow$filter168,7933,M0607_1.02,0.00640584,M6420_1.02,0.00349744,498.0,48.0,165.0,113.0,0.0065757136590993,0.0355070693049548,KDM2B,PLAG1,KDM2B$\longleftrightarrow$PLAG1,CxxC,C2H2 ZF,C2H2 ZF$\longleftrightarrow$CxxC
761,filter45$\longleftrightarrow$filter53,7972,M1049_1.02,0.00639964,M6547_1.02,0.0102349,366.0,168.0,168.0,145.0,0.0044241826733045,0.0270293741705152,SIX4,ZFX,SIX4$\longleftrightarrow$ZFX,Homeodomain,C2H2 ZF,C2H2 ZF$\longleftrightarrow$Homeodomain
762,filter45$\longleftrightarrow$filter54,7973,M1049_1.02,0.00639964,M6336_1.02,0.00340884,366.0,348.0,149.0,86.0,0.000184191167834,0.0030928572637655,SIX4,MAZ,SIX4$\longleftrightarrow$MAZ,Homeodomain,C2H2 ZF,C2H2 ZF$\longleftrightarrow$Homeodomain
764,filter45$\longleftrightarrow$filter89,8008,M1049_1.02,0.00639964,M0632_1.02,0.00514261,462.0,114.0,144.0,226.0,0.0103775228991469,0.0491179711339737,SIX4,DMRTA2,SIX4$\longleftrightarrow$DMRTA2,Homeodomain,DM,DM$\longleftrightarrow$Homeodomain
768,filter45$\longleftrightarrow$filter117,8036,M1049_1.02,0.00639964,M4604_1.02,0.00681695,366.0,300.0,179.0,204.0,0.0001043224872012,0.002036047832239,SIX4,ZNF263,SIX4$\longleftrightarrow$ZNF263,Homeodomain,C2H2 ZF,C2H2 ZF$\longleftrightarrow$Homeodomain
770,filter45$\longleftrightarrow$filter131,8050,M1049_1.02,0.00639964,M1668_1.02,0.00410157,78.0,150.0,189.0,247.0,2.183886519752073e-05,0.000672677615635,SIX4,PRKRIR,SIX4$\longleftrightarrow$PRKRIR,Homeodomain,THAP finger,Homeodomain$\longleftrightarrow$THAP finger
771,filter45$\longleftrightarrow$filter148,8067,M1049_1.02,0.00639964,M0608_1.02,0.00321805,168.0,66.0,177.0,248.0,0.0013112178888289,0.011710329242333,SIX4,MLL,SIX4$\longleftrightarrow$MLL,Homeodomain,CxxC,CxxC$\longleftrightarrow$Homeodomain
792,filter53$\longleftrightarrow$filter80,9195,M6547_1.02,0.0102349,M1668_1.02,0.0030752,246.0,30.0,335.0,172.0,0.0020000736336362,0.0155465693513199,ZFX,PRKRIR,ZFX$\longleftrightarrow$PRKRIR,C2H2 ZF,THAP finger,C2H2 ZF$\longleftrightarrow$THAP finger
797,filter53$\longleftrightarrow$filter118,9233,M6547_1.02,0.0102349,M0891_1.02,0.0151094,288.0,396.0,171.0,185.0,0.000195275335178,0.00322873570228,ZFX,TLX2,ZFX$\longleftrightarrow$TLX2,C2H2 ZF,Homeodomain,C2H2 ZF$\longleftrightarrow$Homeodomain
806,filter53$\longleftrightarrow$filter148,9263,M6547_1.02,0.0102349,M0608_1.02,0.00321805,132.0,378.0,376.0,227.0,0.0005368517816377,0.0064312322402338,ZFX,MLL,ZFX$\longleftrightarrow$MLL,C2H2 ZF,CxxC,C2H2 ZF$\longleftrightarrow$CxxC
807,filter53$\longleftrightarrow$filter149,9264,M6547_1.02,0.0102349,M0931_1.02,0.0294458,120.0,396.0,170.0,158.0,0.0084059570806761,0.0421345316152848,ZFX,LHX5,ZFX$\longleftrightarrow$LHX5,C2H2 ZF,Homeodomain,C2H2 ZF$\longleftrightarrow$Homeodomain
811,filter53$\longleftrightarrow$filter180,9295,M6547_1.02,0.0102349,M1589_1.02,0.00640278,180.0,450.0,209.0,174.0,0.0029047345576267,0.0201458376534185,ZFX,SOX30,ZFX$\longleftrightarrow$SOX30,C2H2 ZF,Sox,C2H2 ZF$\longleftrightarrow$Sox
816,filter54$\longleftrightarrow$filter64,9324,M6336_1.02,0.00340884,M4427_1.02,0.0113245,396.0,366.0,227.0,67.0,0.0010654990595609,0.0101978356359514,MAZ,CTCF,MAZ$\longleftrightarrow$CTCF,C2H2 ZF,C2H2 ZF,C2H2 ZF$\longleftrightarrow$C2H2 ZF
820,filter54$\longleftrightarrow$filter80,9340,M6336_1.02,0.00340884,M1668_1.02,0.0030752,42.0,456.0,318.0,124.0,0.0001526208680092,0.0026874779041126,MAZ,PRKRIR,MAZ$\longleftrightarrow$PRKRIR,C2H2 ZF,THAP finger,C2H2 ZF$\longleftrightarrow$THAP finger
829,filter54$\longleftrightarrow$filter112,9372,M6336_1.02,0.00340884,M2314_1.02,0.0391061,180.0,192.0,339.0,103.0,0.0045580243008782,0.027617407898561,MAZ,SP2,MAZ$\longleftrightarrow$SP2,C2H2 ZF,C2H2 ZF,C2H2 ZF$\longleftrightarrow$C2H2 ZF
831,filter54$\longleftrightarrow$filter117,9377,M6336_1.02,0.00340884,M4604_1.02,0.00681695,180.0,66.0,380.0,114.0,0.0021385091993833,0.016222667193797,MAZ,ZNF263,MAZ$\longleftrightarrow$ZNF263,C2H2 ZF,C2H2 ZF,C2H2 ZF$\longleftrightarrow$C2H2 ZF
839,filter54$\longleftrightarrow$filter138,9398,M6336_1.02,0.00340884,M0608_1.02,0.0157282,150.0,252.0,117.0,118.0,0.0019249565577907,0.0151634147216631,MAZ,MLL,MAZ$\longleftrightarrow$MLL,C2H2 ZF,CxxC,C2H2 ZF$\longleftrightarrow$CxxC
844,filter54$\longleftrightarrow$filter155,9415,M6336_1.02,0.00340884,M4537_1.02,0.0119444,540.0,420.0,152.0,104.0,0.0007687550019401,0.0082490566006977,MAZ,E2F4,MAZ$\longleftrightarrow$E2F4,C2H2 ZF,E2F,C2H2 ZF$\longleftrightarrow$E2F
846,filter54$\longleftrightarrow$filter163,9423,M6336_1.02,0.00340884,M0436_1.02,1.4859e-05,534.0,222.0,157.0,121.0,6.171362161569208e-05,0.0013813021854994,MAZ,ZNF35,MAZ$\longleftrightarrow$ZNF35,C2H2 ZF,C2H2 ZF,C2H2 ZF$\longleftrightarrow$C2H2 ZF
848,filter54$\longleftrightarrow$filter165,9425,M6336_1.02,0.00340884,M0404_1.02,0.0444817,60.0,204.0,314.0,107.0,0.0009325163059924,0.0093655690283405,MAZ,ZNF202,MAZ$\longleftrightarrow$ZNF202,C2H2 ZF,C2H2 ZF,C2H2 ZF$\longleftrightarrow$C2H2 ZF
850,filter54$\longleftrightarrow$filter167,9427,M6336_1.02,0.00340884,M6547_1.02,0.00310707,114.0,66.0,280.0,125.0,0.0002642678640674,0.0039806222249914,MAZ,ZFX,MAZ$\longleftrightarrow$ZFX,C2H2 ZF,C2H2 ZF,C2H2 ZF$\longleftrightarrow$C2H2 ZF
854,filter54$\longleftrightarrow$filter180,9440,M6336_1.02,0.00340884,M1589_1.02,0.00640278,360.0,18.0,195.0,116.0,8.450617713510667e-05,0.0017442986645584,MAZ,SOX30,MAZ$\longleftrightarrow$SOX30,C2H2 ZF,Sox,C2H2 ZF$\longleftrightarrow$Sox
871,filter60$\longleftrightarrow$filter64,10173,M6482_1.02,0.0046361,M4427_1.02,0.0113245,150.0,198.0,256.0,137.0,0.0057012434275924,0.0322373804268926,SP7,CTCF,SP7$\longleftrightarrow$CTCF,C2H2 ZF,C2H2 ZF,C2H2 ZF$\longleftrightarrow$C2H2 ZF
890,filter61$\longleftrightarrow$filter89,10336,M1605_1.02,0.00157185,M0632_1.02,0.00514261,12.0,96.0,157.0,315.0,0.0046662848173787,0.0280089699234393,SOX1,DMRTA2,SOX1$\longleftrightarrow$DMRTA2,Sox,DM,Sox$\longleftrightarrow$DM
923,filter64$\longleftrightarrow$filter171,10826,M4427_1.02,0.0113245,M4604_1.02,0.00959277,72.0,72.0,294.0,229.0,0.003152103812128,0.0213190216362081,CTCF,ZNF263,CTCF$\longleftrightarrow$ZNF263,C2H2 ZF,C2H2 ZF,C2H2 ZF$\longleftrightarrow$C2H2 ZF
955,filter70$\longleftrightarrow$filter106,11550,M2314_1.02,0.00723147,M1528_1.02,0.00192429,192.0,6.0,292.0,91.0,0.0083090583558311,0.0417298443120464,SP2,RFX7,SP2$\longleftrightarrow$RFX7,C2H2 ZF,RFX,C2H2 ZF$\longleftrightarrow$RFX
995,filter80$\longleftrightarrow$filter111,12790,M1668_1.02,0.0030752,M1963_1.02,0.0136401,12.0,72.0,352.0,207.0,0.0102007626927733,0.0484805704150552,PRKRIR,ZFY,PRKRIR$\longleftrightarrow$ZFY,THAP finger,C2H2 ZF,C2H2 ZF$\longleftrightarrow$THAP finger
999,filter80$\longleftrightarrow$filter148,12827,M1668_1.02,0.0030752,M0608_1.02,0.00321805,156.0,312.0,356.0,341.0,4.033854279127142e-06,0.0002039331481418,PRKRIR,MLL,PRKRIR$\longleftrightarrow$MLL,THAP finger,CxxC,CxxC$\longleftrightarrow$THAP finger
1075,filter92$\longleftrightarrow$filter106,14135,M4459_1.02,0.00633483,M1528_1.02,0.00192429,6.0,24.0,305.0,131.0,0.0047662438622056,0.0284715461933856,EGR1,RFX7,EGR1$\longleftrightarrow$RFX7,C2H2 ZF,RFX,C2H2 ZF$\longleftrightarrow$RFX
1125,filter94$\longleftrightarrow$filter155,14395,M0408_1.02,0.0188115,M4537_1.02,0.0119444,150.0,36.0,60.0,229.0,0.0004517554569298,0.0057161265081054,ZKSCAN1,E2F4,ZKSCAN1$\longleftrightarrow$E2F4,C2H2 ZF,E2F,C2H2 ZF$\longleftrightarrow$E2F
1135,filter96$\longleftrightarrow$filter149,14596,M4604_1.02,0.00127604,M0931_1.02,0.0294458,126.0,402.0,191.0,219.0,0.0026739547067558,0.019070376614705,ZNF263,LHX5,ZNF263$\longleftrightarrow$LHX5,C2H2 ZF,Homeodomain,C2H2 ZF$\longleftrightarrow$Homeodomain
1137,filter96$\longleftrightarrow$filter167,14614,M4604_1.02,0.00127604,M6547_1.02,0.00310707,102.0,72.0,322.0,258.0,0.0087569672641362,0.0433663849232908,ZNF263,ZFX,ZNF263$\longleftrightarrow$ZFX,C2H2 ZF,C2H2 ZF,C2H2 ZF$\longleftrightarrow$C2H2 ZF
1161,filter103$\longleftrightarrow$filter111,15251,M0609_1.02,0.00127235,M1963_1.02,0.0136401,54.0,108.0,397.0,177.0,0.0023449373836615,0.0173251604429516,DNMT1,ZFY,DNMT1$\longleftrightarrow$ZFY,CxxC,C2H2 ZF,C2H2 ZF$\longleftrightarrow$CxxC
1163,filter103$\longleftrightarrow$filter125,15265,M0609_1.02,0.00127235,M1605_1.02,0.0169478,24.0,210.0,182.0,234.0,0.0054709933070132,0.0313091241941182,DNMT1,SOX1,DNMT1$\longleftrightarrow$SOX1,CxxC,Sox,Sox$\longleftrightarrow$CxxC
1171,filter103$\longleftrightarrow$filter165,15305,M0609_1.02,0.00127235,M0404_1.02,0.0444817,54.0,108.0,334.0,226.0,0.0097420988308463,0.0469252681036506,DNMT1,ZNF202,DNMT1$\longleftrightarrow$ZNF202,CxxC,C2H2 ZF,C2H2 ZF$\longleftrightarrow$CxxC
1175,filter103$\longleftrightarrow$filter180,15320,M0609_1.02,0.00127235,M1589_1.02,0.00640278,36.0,144.0,233.0,231.0,0.0101234196791407,0.0482705509866203,DNMT1,SOX30,DNMT1$\longleftrightarrow$SOX30,CxxC,Sox,Sox$\longleftrightarrow$CxxC
1181,filter106$\longleftrightarrow$filter117,15539,M1528_1.02,0.00192429,M4604_1.02,0.00681695,144.0,72.0,330.0,116.0,0.0061990084214711,0.0341388934589735,RFX7,ZNF263,RFX7$\longleftrightarrow$ZNF263,RFX,C2H2 ZF,C2H2 ZF$\longleftrightarrow$RFX
1183,filter106$\longleftrightarrow$filter131,15553,M1528_1.02,0.00192429,M1668_1.02,0.00410157,198.0,6.0,339.0,143.0,0.0024179783578661,0.017695083988533,RFX7,PRKRIR,RFX7$\longleftrightarrow$PRKRIR,RFX,THAP finger,RFX$\longleftrightarrow$THAP finger
1186,filter111$\longleftrightarrow$filter129,16001,M1963_1.02,0.0136401,M2314_1.02,0.0105216,144.0,336.0,428.0,208.0,5.615660597616846e-06,0.0002562853545215,ZFY,SP2,ZFY$\longleftrightarrow$SP2,C2H2 ZF,C2H2 ZF,C2H2 ZF$\longleftrightarrow$C2H2 ZF
1188,filter111$\longleftrightarrow$filter148,16020,M1963_1.02,0.0136401,M0608_1.02,0.00321805,18.0,162.0,400.0,259.0,0.0003812115775283,0.0051279619737192,ZFY,MLL,ZFY$\longleftrightarrow$MLL,C2H2 ZF,CxxC,C2H2 ZF$\longleftrightarrow$CxxC
1223,filter117$\longleftrightarrow$filter160,16539,M4604_1.02,0.00681695,M0436_1.02,0.0111539,42.0,186.0,261.0,334.0,0.0007947373672664,0.0084115341137591,ZNF263,ZNF35,ZNF263$\longleftrightarrow$ZNF35,C2H2 ZF,C2H2 ZF,C2H2 ZF$\longleftrightarrow$C2H2 ZF
1244,filter118$\longleftrightarrow$filter131,16591,M0891_1.02,0.0151094,M1668_1.02,0.00410157,18.0,60.0,205.0,366.0,0.0007053929023373,0.0077402204964682,TLX2,PRKRIR,TLX2$\longleftrightarrow$PRKRIR,Homeodomain,THAP finger,Homeodomain$\longleftrightarrow$THAP finger
1283,filter129$\longleftrightarrow$filter155,17440,M2314_1.02,0.0105216,M4537_1.02,0.0119444,534.0,132.0,185.0,237.0,0.0004764511611316,0.0059401160427299,SP2,E2F4,SP2$\longleftrightarrow$E2F4,C2H2 ZF,E2F,C2H2 ZF$\longleftrightarrow$E2F
1288,filter129$\longleftrightarrow$filter165,17450,M2314_1.02,0.0105216,M0404_1.02,0.0444817,282.0,198.0,359.0,258.0,1.7365295789826827e-10,1.5023245896781488e-07,SP2,ZNF202,SP2$\longleftrightarrow$ZNF202,C2H2 ZF,C2H2 ZF,C2H2 ZF$\longleftrightarrow$C2H2 ZF
1291,filter129$\longleftrightarrow$filter168,17453,M2314_1.02,0.0105216,M6420_1.02,0.00349744,228.0,126.0,398.0,205.0,3.3491647697136066e-05,0.0008885557411701,SP2,PLAG1,SP2$\longleftrightarrow$PLAG1,C2H2 ZF,C2H2 ZF,C2H2 ZF$\longleftrightarrow$C2H2 ZF
1314,filter131$\longleftrightarrow$filter165,17587,M1668_1.02,0.00410157,M0404_1.02,0.0444817,12.0,162.0,358.0,322.0,0.0027573046242503,0.0194625212533994,PRKRIR,ZNF202,PRKRIR$\longleftrightarrow$ZNF202,THAP finger,C2H2 ZF,C2H2 ZF$\longleftrightarrow$THAP finger
1320,filter131$\longleftrightarrow$filter180,17602,M1668_1.02,0.00410157,M1589_1.02,0.00640278,48.0,168.0,254.0,335.0,3.605953422670997e-05,0.0009282181268345,PRKRIR,SOX30,PRKRIR$\longleftrightarrow$SOX30,THAP finger,Sox,Sox$\longleftrightarrow$THAP finger
1356,filter148$\longleftrightarrow$filter163,18588,M0608_1.02,0.00321805,M0436_1.02,1.4859e-05,282.0,66.0,176.0,353.0,0.0022300005285025,0.0167065325738491,MLL,ZNF35,MLL$\longleftrightarrow$ZNF35,CxxC,C2H2 ZF,C2H2 ZF$\longleftrightarrow$CxxC
1357,filter148$\longleftrightarrow$filter165,18590,M0608_1.02,0.00321805,M0404_1.02,0.0444817,132.0,24.0,340.0,320.0,0.006722860520576,0.036066723817315,MLL,ZNF202,MLL$\longleftrightarrow$ZNF202,CxxC,C2H2 ZF,C2H2 ZF$\longleftrightarrow$CxxC
1363,filter148$\longleftrightarrow$filter180,18605,M0608_1.02,0.00321805,M1589_1.02,0.00640278,300.0,30.0,233.0,333.0,1.831260946060681e-05,0.0005986809758208,MLL,SOX30,MLL$\longleftrightarrow$SOX30,CxxC,Sox,Sox$\longleftrightarrow$CxxC
1403,filter155$\longleftrightarrow$filter171,18925,M4537_1.02,0.0119444,M4604_1.02,0.00959277,132.0,132.0,194.0,304.0,0.0064780712576723,0.0351995253645997,E2F4,ZNF263,E2F4$\longleftrightarrow$ZNF263,E2F,C2H2 ZF,C2H2 ZF$\longleftrightarrow$E2F
1430,filter168$\longleftrightarrow$filter173,19408,M6420_1.02,0.00349744,M4604_1.02,0.00256164,54.0,132.0,366.0,147.0,0.0068171550318226,0.0364256985244477,PLAG1,ZNF263,PLAG1$\longleftrightarrow$ZNF263,C2H2 ZF,C2H2 ZF,C2H2 ZF$\longleftrightarrow$C2H2 ZF
